Klebsidin_Seq,log2_enrichment_mean
GSDGPIIEFFNPNGVMHYG,0
GSDGPIIEFFAPNGVMHYG,0.441631148
GSDGPIIEFFRPNGVMHYG,0.535341641
GSDGPIIEFFDPNGVMHYG,-0.074905528
GSDGPIIEFFCPNGVMHYG,0.232812063
GSDGPIIEFFQPNGVMHYG,0.003119389
GSDGPIIEFFEPNGVMHYG,0.142351184
GSDGPIIEFFGPNGVMHYG,0.864658756
GSDGPIIEFFHPNGVMHYG,0.171567227
GSDGPIIEFFIPNGVMHYG,0.005542734
GSDGPIIEFFLPNGVMHYG,0.102280666
GSDGPIIEFFKPNGVMHYG,0.984100516
GSDGPIIEFFMPNGVMHYG,0.075872717
GSDGPIIEFFFPNGVMHYG,0.170762344
GSDGPIIEFFPPNGVMHYG,2.929870492
GSDGPIIEFFSPNGVMHYG,0.223610199
GSDGPIIEFFTPNGVMHYG,0.037951239
GSDGPIIEFFWPNGVMHYG,0.184035638
GSDGPIIEFFYPNGVMHYG,0.13019572
GSDGPIIEFFVPNGVMHYG,0.064894934
GSDGPIIEFFNPAGVMHYG,-0.018469101
GSDGPIIEFFNPRGVMHYG,1.611535529
GSDGPIIEFFNPDGVMHYG,1.378183432
GSDGPIIEFFNPCGVMHYG,0.099147991
GSDGPIIEFFNPQGVMHYG,0.029711497
GSDGPIIEFFNPEGVMHYG,1.19998927
GSDGPIIEFFNPGGVMHYG,-0.021099075
GSDGPIIEFFNPHGVMHYG,0.267679533
GSDGPIIEFFNPIGVMHYG,0.498543075
GSDGPIIEFFNPLGVMHYG,0.47668342
GSDGPIIEFFNPKGVMHYG,1.737573851
GSDGPIIEFFNPMGVMHYG,0.216658189
GSDGPIIEFFNPFGVMHYG,1.113383975
GSDGPIIEFFNPPGVMHYG,0.772869857
GSDGPIIEFFNPSGVMHYG,-0.025553152
GSDGPIIEFFNPTGVMHYG,0.001471243
GSDGPIIEFFNPWGVMHYG,0.856857097
GSDGPIIEFFNPYGVMHYG,0.708712186
GSDGPIIEFFNPVGVMHYG,0.100048381
GSAGPIIEFFNPNGVMHYG,2.991904724
GSRGPIIEFFNPNGVMHYG,3.938879269
GSNGPIIEFFNPNGVMHYG,0.681736783
GSCGPIIEFFNPNGVMHYG,3.102387062
GSQGPIIEFFNPNGVMHYG,1.692337466
GSEGPIIEFFNPNGVMHYG,0.705237431
GSGGPIIEFFNPNGVMHYG,3.954440123
GSGGPIIEFFNPNGVMYYG,3.469329648
GSGGPIIEFFNPNGGMHYG,3.554619251
GSHGPIIEFFNPNGVMHYG,2.119414702
GSIGPIIEFFNPNGVMHYG,3.964108294
GSLGPIIEFFNPNGVMHYG,3.939474946
GSKGPIIEFFNPNGVMHYG,3.922207887
GSMGPIIEFFNPNGVMHYG,3.856913343
GSFGPIIEFFNPNGVMHYG,2.819136135
GSPGPIIEFFNPNGVMHYG,3.959494054
GSSGPIIEFFNPNGVMHYG,2.096136148
GSTGPIIEFFNPNGVMHYG,2.799138272
GSTGPIIVFFNPNGVMHYG,3.867838188
GSWGPIIEFFNPNGVMHYG,2.904560594
GSYGPIIEFFNPNGVMHYG,2.843246505
GSVGPIIEFFNPNGVMHYG,3.714118147
GSDGPIIAFFNPNGVMHYG,4.008840265
GSDGPIIRFFNPNGVMHYG,3.980574034
GSDGPIIDFFNPNGVMHYG,3.876721871
GSDGPIICFFNPNGVMHYG,3.916958777
GSDGPIIQFFNPNGVMHYG,3.938659354
GSDGPIIGFFNPNGVMHYG,3.971509285
GSDGPIIHFFNPNGVMHYG,4.019426248
GSDGPIILFFNPNGVMHYG,3.983329652
GSDGPIIFFFNPNGVMHYG,4.069190061
GSDGPIIPFFNPNGVMHYG,4.029283271
GSDGPIISFFNPNGVMHYG,4.028872807
GSDGPIITFFNPNGVMHYG,4.185812569
GSDGPIIWFFNPNGVMHYG,3.922059441
GSDGPIIYFFNPNGVMHYG,3.914824349
GSDGPIIVFFNPNGVMHYG,3.96232529
GSDGPIIEFFNPNAVMHYG,0.39294496
GSDGPIIEFFNPNRVMHYG,3.741666069
GSDGPIIEFFNPNDVMHYG,1.131484168
GSDGPIIEFFNPNCVMHYG,0.027461241
GSDGPIIEFFNPNQVMHYG,1.147332587
GSDGPIIEFFNPNEVMHYG,3.509825548
GSDGPIIEFFNPNEVMHEG,3.974797577
GSDGPIIEFFNPNSVMHYG,1.359087102
GSDGPIIEFFNPNWVMHYG,2.134248575
GSDGPIIEFFNPNVVMHYG,0.359464132
GSDGPIIEFFNPNGVMHYA,2.118315097
GSDGPIIEFFNPNGVMHYR,3.905952199
GSDGPIIEFFNPNGVMHYN,2.252118467
GSDGPIIEFFNPNGVMHYD,3.75779743
GSDGPIIEFFNPNGVMHYC,0.372286036
GSDGPIIEFFNPNGVMHYQ,3.88300898
GSDGPIIEFFNPNGVMHYE,3.942120715
GSDGPIIEFFNPNGVMHYL,3.834295404
GSDGPIIEFFNPNGVMHYK,3.866189595
GSDGPIIEFFNPNGVMHYM,3.926925018
GSDGPIIEFFNPNGVMHYS,2.749460687
GSDGPIIEFFNPNGVMHYT,4.016094364
GSDGPIIEFFNPNGVMHYW,3.947121743
GSDGPIIEFFNPNGVMHYV,3.92003692
ASDGPIIEFFNPNGVMHYG,3.960407907
RSDGPIIEFFNPNGVMHYG,3.966479735
DSDGPIIEFFNPNGVMHYG,3.938633288
CSDGPIIEFFNPNGVMHYG,3.977835503
QSDGPIIEFFNPNGVMHYG,3.961664065
ESDGPIIEFFNPNGVMHYG,3.976449123
HSDGPIIEFFNPNGVMHYG,3.927815888
ISDGPIIEFFNPNGVMHYG,4.230085902
LSDGPIIEFFNPNGVMHYG,4.0030626
KSDGPIIEFFNPNGVMHYG,4.060767198
MSDGPIIEFFNPNGVMHYG,4.045797825
FSDGPIIEFFNPNGVMHYG,4.170797567
PSDGPIIEFFNPNGVMHYG,3.97057865
SSDGPIIEFFNPNGVMHYG,3.985296
TSDGPIIEFFNPNGVMHYG,3.980992488
WSDGPIIEFFNPNGVMHYG,3.986441684
VSDGPIIEFFNPNGVMHYG,3.968741957
GSDAPIIEFFNPNGVMHYG,3.97072266
GSDRPIIEFFNPNGVMHYG,3.926392039
GSDDPIIEFFNPNGVMHYG,3.068568381
GSDCPIIEFFNPNGVMHYG,3.991202322
GSDEPIIEFFNPNGVMHYG,3.994460866
GSDHPIIEFFNPNGVMHYG,3.913731376
GSDMPIIEFFNPNGVMHYG,4.005108711
GSDPPIIEFFNPNGVMHYG,3.912344438
GSDSPIIEFFNPNGVMHYG,3.964346534
GSDTPIIEFFNPNGVMHYG,4.059810534
GSDWPIIEFFNPNGVMHYG,3.919174659
GSDVPIIEFFNPNGVMHYG,4.039568571
GSDGPIIEFFNPNGVMAYG,3.667417061
GSDGPIIEFFNPNGVMRYG,2.328901345
GSDGPIIEFFNPNGVMNYG,2.732399355
GSDGPIIEFFNPNGVMDYG,3.896160854
GSDGPIIEFFNPNGVMCYG,3.77065038
GSDGPIIEFFNPNGVMQYG,1.800560411
GSDGPIIEFFNPNGVMEYG,3.788416921
GSDGPIIEFFNPNGVMGYG,3.821208566
GSDGPIIEFFNPNGVMIYG,3.860856334
GSDGPIIEFFNPNGVMITG,3.751402731
GSDGPIIEFFNPNGVMLYG,3.934995234
GSDGPIIEFFNPNGVMKYG,3.097528907
GSDGPIIEFFNPNGVMMYG,1.969740878
GSDGPIIEFFNPNGVMFYG,0.383510339
GSDGPIIEFFNPNGVMPYG,3.953935567
GSDGPIIEFFNPNGVMSYG,3.771645629
GSDGPIIEFFNPNGVMTYG,3.887512697
GSDGPIIEFFNPNGVMWYG,0.57940595
GSDGPIIEFFNPNGVMYYG,0.261514077
GSDGPIIEFFNPNGVMVYG,3.993694892
GSDGPAIEFFNPNGVMHYG,3.932819348
GSDGPRIEFFNPNGVMHYG,3.917241338
GSDGPNIEFFNPNGVMHYG,3.854604212
GSDGPDIEFFNPNGVMHYG,3.967543723
GSDGPCIEFFNPNGVMHYG,3.866889433
GSDGPQIEFFNPNGVMHYG,4.080363035
GSDGPEIEFFNPNGVMHYG,3.90762126
GSDGPGIEFFNPNGVMHYG,3.944029927
GSDGPLIEFFNPNGVMHYG,3.817416127
GSDGPKIEFFNPNGVMHYG,4.120019017
GSDGPMIEFFNPNGVMHYG,3.859618388
GSDGPFIEFFNPNGVMHYG,3.871049079
GSDGPPIEFFNPNGVMHYG,4.048548005
GSDGPSIEFFNPNGVMHYG,3.984196132
GSDGPTIEFFNPNGVMHYG,3.751767638
GSDGPWIEFFNPNGVMHYG,3.974257194
GSDGPYIEFFNPNGVMHYG,3.812773594
GSDGPVIEFFNPNGVMHYG,1.27474456
GSDGPIAEFFNPNGVMHYG,0.814965893
GSDGPIREFFNPNGVMHYG,3.955715767
GSDGPICEFFNPNGVMHYG,0.34444938
GSDGPIGEFFNPNGVMHYG,4.018771263
GSDGPILEFFNPNGVMHYG,3.0583051
GSDGPIKEFFNPNGVMHYG,3.949874103
GSDGPIMEFFNPNGVMHYG,2.681852587
GSDGPIFEFFNPNGVMHYG,1.082850193
GSDGPIPEFFNPNGVMHYG,1.588949257
GSDGPISEFFNPNGVMHYG,1.924761978
GSDGPITEFFNPNGVMHYG,0.826700377
GSDGPIWEFFNPNGVMHYG,3.956410062
GSDGPIVEFFNPNGVMHYG,0.294236106
GSDGPIIEFFNPNGVAHYG,0.857345255
GSDGPIIEFFNPNGVRHYG,2.197463663
GSDGPIIEFFNPNGVNHYG,0.402322806
GSDGPIIEFFNPNGVDHYG,2.455407657
GSDGPIIEFFNPNGVCHYG,2.039444862
GSDGPIIEFFNPNGVCITG,3.753301871
GSDGPIIEFFNPNGVQHYG,-0.291640953
GSDGPIIEFFNPNGVEHYG,1.90144988
GSDGPIIEFFNPNGVGHYG,0.215129421
GSDGPIIEFFNPNGVGPIG,4.072101559
GSDGPIIEFFNPNGVHHYG,-0.142747362
GSDGPIIEFFNPNGVIHYG,3.486634096
GSDGPIIEFFNPNGVIEFG,3.770465588
GSDGPIIEFFNPNGVIEFF,3.609560823
GSDGPIIEFFNPNGVIIEV,3.945628278
GSDGPIIEFFNPNGVLHYG,2.87898775
GSDGPIIEFFNPNGVLRLS,4.183862467
GSDGPIIEFFNPNGVLRVS,3.990918928
GSDGPIIEFFNPNGVKHYG,3.953540499
GSDGPIIEFFNPNGVFHYG,3.352666272
GSDGPIIEFFNPNGVFFNA,3.646449301
GSDGPIIEFFNPNGVPHYG,3.95440986
GSDGPIIEFFNPNGVSHYG,3.819951747
GSDGPIIEFFNPNGVSDGG,3.843001448
GSDGPIIEFFNPNGVSDGC,3.929279201
GSDGPIIEFFNPNGVSDGW,4.182498929
GSDGPIIEFFNPNGVSITG,3.901610468
GSDGPIIEFFNPNGVTHYG,3.352148054
GSDGPIIEFFNPNGVWHYG,3.918961673
GSDGPIIEFFNPNGVYHYG,3.289413406
GSDGPIIEFFNPNGVVHYG,3.979107958
GSDGPIIEFANPNGVMHYG,3.916060087
GSDGPIIEFRNPNGVMHYG,3.935027518
GSDGPIIEFNNPNGVMHYG,4.432239743
GSDGPIIEFDNPNGVMHYG,3.967442512
GSDGPIIEFCNPNGVMHYG,3.990588145
GSDGPIIEFQNPNGVMHYG,3.953141244
GSDGPIIEFENPNGVMHYG,3.963419971
GSDGPIIEFGNPNGVMHYG,3.918666502
GSDGPIIEFHNPNGVMHYG,3.828999249
GSDGPIIEFINPNGVMHYG,3.992536445
GSDGPIIEFLNPNGVMHYG,3.922924606
GSDGPIIEFKNPNGVMHYG,4.060924146
GSDGPIIEFMNPNGVMHYG,4.135640069
GSDGPIIEFPNPNGVMHYG,3.870371976
GSDGPIIEFSNPNGVMHYG,3.907762868
GSDGPIIEFTNPNGVMHYG,3.881113688
GSDGPIIEFWNPNGVMHYG,0.538196112
GSDGPIIEFYNPNGVMHYG,2.131412559
GSDGPIIEFVNPNGVMHYG,3.93720898
GSDGPIIEAFNPNGVMHYG,4.049319857
GSDGPIIERFNPNGVMHYG,3.926558967
GSDGPIIENFNPNGVMHYG,3.920473702
GSDGPIIEDFNPNGVMHYG,3.89076616
GSDGPIIECFNPNGVMHYG,3.115264463
GSDGPIIEQFNPNGVMHYG,3.886589147
GSDGPIIEEFNPNGVMHYG,3.723647409
GSDGPIIEGFNPNGVMHYG,3.978367757
GSDGPIIEHFNPNGVMHYG,2.231152203
GSDGPIIEIFNPNGVMHYG,3.567603979
GSDGPIIELFNPNGVMHYG,3.879705133
GSDGPIIEKFNPNGVMHYG,3.94621423
GSDGPIIEMFNPNGVMHYG,3.260343664
GSDGPIIEPFNPNGVMHYG,4.092772013
GSDGPIIESFNPNGVMHYG,3.960034256
GSDGPIIETFNPNGVMHYG,3.158795996
GSDGPIIEWFNPNGVMHYG,0.558185004
GSDGPIIEYFNPNGVMHYG,0.287592599
GSDGPIIEVFNPNGVMHYG,2.734762736
GSDGPIIEFFNANGVMHYG,0.213377134
GSDGPIIEFFNRNGVMHYG,0.18807756
GSDGPIIEFFNNNGVMHYG,0.022521378
GSDGPIIEFFNDNGVMHYG,1.107071131
GSDGPIIEFFNCNGVMHYG,0.186444611
GSDGPIIEFFNQNGVMHYG,0.488888214
GSDGPIIEFFNENGVMHYG,1.319018044
GSDGPIIEFFNGNGVMHYG,0.88666248
GSDGPIIEFFNHNGVMHYG,0.245890106
GSDGPIIEFFNINGVMHYG,-0.102717549
GSDGPIIEFFNLNGVMHYG,0.379535963
GSDGPIIEFFNKNGVMHYG,0.244610651
GSDGPIIEFFNMNGVMHYG,0.166180769
GSDGPIIEFFNFNGVMHYG,0.213359157
GSDGPIIEFFNSNGVMHYG,0.52406025
GSDGPIIEFFNTNGVMHYG,0.081752395
GSDGPIIEFFNWNGVMHYG,0.289362868
GSDGPIIEFFNYNGVMHYG,0.250497441
GSDGPIIEFFNVNGVMHYG,-0.119611607
GSDGAIIEFFNPNGVMHYG,1.773829659
GSDGRIIEFFNPNGVMHYG,1.48068574
GSDGRIIEFFNPEGVMHYG,1.917635491
GSDGNIIEFFNPNGVMHYG,2.754187969
GSDGDIIEFFNPNGVMHYG,2.638786225
GSDGCIIEFFNPNGVMHYG,2.144080074
GSDGQIIEFFNPNGVMHYG,1.836642787
GSDGEIIEFFNPNGVMHYG,3.06958797
GSDGGIIEFFNPNGVMHYG,3.087042306
GSDGGIIEFFNPNGVMHGG,3.424371038
GSDGHIIEFFNPNGVMHYG,2.07450195
GSDGIIIEFFNPNGVMHYG,1.025375448
GSDGLIIEFFNPNGVMHYG,1.475945987
GSDGKIIEFFNPNGVMHYG,0.633451123
GSDGMIIEFFNPNGVMHYG,1.636598701
GSDGFIIEFFNPNGVMHYG,2.251406481
GSDGSIIEFFNPNGVMHYG,2.679551701
GSDGSIIEFFNPNGVWHYG,3.608398585
GSDGTIIEFFNPNGVMHYG,2.697879081
GSDGWIIEFFNPNGVMHYG,3.341499999
GSDGYIIEFFNPNGVMHYG,1.627640384
GSDGVIIEFFNPNGVMHYG,1.715571837
GADGPIIEFFNPNGVMHYG,-0.11539876
GRDGPIIEFFNPNGVMHYG,3.935640169
GNDGPIIEFFNPNGVMHYG,3.968292469
GDDGPIIEFFNPNGVMHYG,3.931486164
GCDGPIIEFFNPNGVMHYG,2.708626468
GQDGPIIEFFNPNGVMHYG,3.94342642
GEDGPIIEFFNPNGVMHYG,3.92129935
GGDGPIIEFFNPNGVMHYG,0.388697093
GHDGPIIEFFNPNGVMHYG,3.969519204
GIDGPIIEFFNPNGVMHYG,4.060158637
GLDGPIIEFFNPNGVMHYG,3.970913944
GKDGPIIEFFNPNGVMHYG,3.781665703
GMDGPIIEFFNPNGVMHYG,3.975808246
GFDGPIIEFFNPNGVMHYG,3.884091371
GPDGPIIEFFNPNGVMHYG,3.977196576
GTDGPIIEFFNPNGVMHYG,3.825255989
GWDGPIIEFFNPNGVMHYG,3.951804567
GYDGPIIEFFNPNGVMHYG,3.956407876
GVDGPIIEFFNPNGVMHYG,4.004579883
GSDGPIIEFFNPNGVMHAG,3.946899679
GSDGPIIEFFNPNGVMHRG,3.95684134
GSDGPIIEFFNPNGVMHNG,4.00000392
GSDGPIIEFFNPNGVMHDG,3.991637599
GSDGPIIEFFNPNGVMHCG,3.825565687
GSDGPIIEFFNPNGVMHQG,3.979905098
GSDGPIIEFFNPNGVMHEG,3.948210514
GSDGPIIEFFNPNGVMHGG,3.943429211
GSDGPIIEFFNPNGVMHHG,3.903716853
GSDGPIIEFFNPNGVMHIG,4.04270764
GSDGPIIEFFNPNGVMHLG,3.931313764
GSDGPIIEFFNPNGVMHKG,3.960087888
GSDGPIIEFFNPNGVMHMG,3.939891706
GSDGPIIEFFNPNGVMHFG,3.210415965
GSDGPIIEFFNPNGVMHPG,4.015497103
GSDGPIIEFFNPNGVMHSG,3.917577652
GSDGPIIEFFNPNGVMHTG,3.985857271
GSDGPIIEFFNPNGVMHWG,3.948751842
GSDGPIIEFFNPNGVMHVG,3.920586705
GSDGPIIEFFNPNGAMHYG,0.806830177
GSDGPIIEFFNPNGRMHYG,3.982331626
GSDGPIIEFFNPNGDMHYG,3.77859067
GSDGPIIEFFNPNGCMHYG,0.474031853
GSDGPIIEFFNPNGQMHYG,1.522603517
GSDGPIIEFFNPNGEMHYG,3.131369362
GSDGPIIEFFNPNGGMHYG,3.438137591
GSDGPIIEFFNPNGIMHYG,0.398619386
GSDGPIIEFFNPNGLMHYG,-0.105736924
GSDGPIIEFFNPNGMMHYG,1.109040513
GSDGPIIEFFNPNGFMHYG,0.433865057
GSDGPIIEFFNPNGTMHYG,0.581489733
GSDGPIIEFFNPNGWMHYG,0.937531714
