Sequence,substrate,method of confirmation 
AYTAEWGLELIFVFPRFI,1,CFB
EYTAEWGLELIFVFPRFI,0,CFB
FYTAEWGLELIFVFPRFI,1,CFB
GYTAEWGLELIFVFPRFI,1,CFB
HYTAEWGLELIFVFPRFI,1,CFB
LYTAEWGLELIFVFPRFI,1,CFB
PYTAEWGLELIFVFPRFI,0,CFB
RYTAEWGLELIFVFPRFI,0,CFB
WACSLRGLELIFVFPRFI,1,CFB
WAENFVGLELIFVFPRFI,1,CFB
WAGTHLGLELIFVFPRFI,1,CFB
WAHKAMGLELIFVFPRFI,1,CFB
WALIHTGLELIFVFPRFI,1,CFB
WALSLKGLELIFVFPRFI,1,CFB
WAMVINGLELIFVFPRFI,1,CFB
WAQALMGLELIFVFPRFI,1,CFB
WAQLMSGLELIFVFPRFI,1,CFB
WARQIQGLELIFVFPRFI,0,CFB
WASSLYGLELIFVFPRFI,0,CFB
WATAEWGLELIFVFPRFI,1,CFB
WATLCFGLELIFVFPRFI,1,CFB
WAVSQNGLELIFVFPRFI,1,CFB
WAVVWTGLELIFVFPRFI,0,CFB
WAWSILGLELIFVFPRFI,0,CFB
WAYESVGLELIFVFPRFI,1,CFB
WAYGGLGLELIFVFPRFI,1,CFB
WCDELQGLELIFVFPRFI,0,CFB
WCFNTDGLELIFVFPRFI,0,CFB
WCHEPSGLELIFVFPRFI,1,CFB
WCKMMWGLELIFVFPRFI,0,CFB
WCMFTHGLELIFVFPRFI,1,CFB
WCNLILGLELIFVFPRFI,1,CFB
WCNMTKGLELIFVFPRFI,1,CFB
WCRTMHGLELIFVFPRFI,0,CFB
WDKRWLGLELIFVFPRFI,0,CFB
WDLMSLGLELIFVFPRFI,1,CFB
WDWYNWGLELIFVFPRFI,0,CFB
WEENRVGLELIFVFPRFI,0,CFB
WEILKSGLELIFVFPRFI,0,CFB
WEKEDYGLELIFVFPRFI,0,CFB
WELIMTGLELIFVFPRFI,0,CFB
WELISEGLELIFVFPRFI,0,CFB
WELPYMGLELIFVFPRFI,1,CFB
WENEWTGLELIFVFPRFI,0,CFB
WENRGMGLELIFVFPRFI,0,CFB
WEPLEMGLELIFVFPRFI,0,CFB
WESHLLGLELIFVFPRFI,0,CFB
WFALILGLELIFVFPRFI,1,CFB
WFANLTGLELIFVFPRFI,1,CFB
WFAPLLGLELIFVFPRFI,0,CFB
WFASDSGLELIFVFPRFI,1,CFB
WFAYMTGLELIFVFPRFI,1,CFB
WFCFVSGLELIFVFPRFI,1,CFB
WFDCAAGLELIFVFPRFI,1,CFB
WFDEVLGLELIFVFPRFI,0,CFB
WFDKSLGLELIFVFPRFI,0,CFB
WFEHTKGLELIFVFPRFI,1,CFB
WFELPRGLELIFVFPRFI,0,CFB
WFFHFSGLELIFVFPRFI,1,CFB
WFHRTHGLELIFVFPRFI,0,CFB
WFHSRIGLELIFVFPRFI,1,CFB
WFIEFTGLELIFVFPRFI,1,CFB
WFKLLYGLELIFVFPRFI,1,CFB
WFLILLGLELIFVFPRFI,1,CFB
WFLSSIGLELIFVFPRFI,0,CFB
WFMRKFGLELIFVFPRFI,1,CFB
WFNHLFGLELIFVFPRFI,1,CFB
WFNNPAGLELIFVFPRFI,1,CFB
WFPGYMGLELIFVFPRFI,1,CFB
WFPQFLGLELIFVFPRFI,1,CFB
WFPYTKGLELIFVFPRFI,1,CFB
WFRLLYGLELIFVFPRFI,0,CFB
WFRVALGLELIFVFPRFI,1,CFB
WFSTYFGLELIFVFPRFI,1,CFB
WFTGSKGLELIFVFPRFI,1,CFB
WFTKRLGLELIFVFPRFI,0,CFB
WFTNLTGLELIFVFPRFI,1,CFB
WGKQVSGLELIFVFPRFI,1,CFB
WGLHLGGLELIFVFPRFI,0,CFB
WGMTIMGLELIFVFPRFI,0,CFB
WGNRRVGLELIFVFPRFI,0,CFB
WGPMFPGLELIFVFPRFI,0,CFB
WGQLRAGLELIFVFPRFI,0,CFB
WGSRKPGLELIFVFPRFI,0,CFB
WGSVSPGLELIFVFPRFI,1,CFB
WGTLNDGLELIFVFPRFI,1,CFB
WGTYHIGLELIFVFPRFI,1,CFB
WGVSLVGLELIFVFPRFI,1,CFB
WGWFVRGLELIFVFPRFI,1,CFB
WGYTTQGLELIFVFPRFI,1,CFB
WHARVGGLELIFVFPRFI,0,CFB
WHCFYIGLELIFVFPRFI,1,CFB
WHFGIFGLELIFVFPRFI,1,CFB
WHGALAGLELIFVFPRFI,0,CFB
WHHELYGLELIFVFPRFI,1,CFB
WHLLKKGLELIFVFPRFI,0,CFB
WHLPRNGLELIFVFPRFI,0,CFB
WHLQVLGLELIFVFPRFI,1,CFB
WHRMQWGLELIFVFPRFI,0,CFB
WHSFQPGLELIFVFPRFI,1,CFB
WHSVWLGLELIFVFPRFI,1,CFB
WHTVHQGLELIFVFPRFI,1,CFB
WHWVTIGLELIFVFPRFI,1,CFB
WIAEMLGLELIFVFPRFI,0,CFB
WIAKNGGLELIFVFPRFI,1,CFB
WIALSLGLELIFVFPRFI,1,CFB
WIANDVGLELIFVFPRFI,1,CFB
WIAVYDGLELIFVFPRFI,0,CFB
WIDSVVGLELIFVFPRFI,1,CFB
WIEFSSGLELIFVFPRFI,1,CFB
WIKGPRGLELIFVFPRFI,0,CFB
WILDKLGLELIFVFPRFI,0,CFB
WILLYSGLELIFVFPRFI,0,CFB
WILYVTGLELIFVFPRFI,0,CFB
WIMLITGLELIFVFPRFI,0,CFB
WIMMDSGLELIFVFPRFI,1,CFB
WINPSWGLELIFVFPRFI,0,CFB
WINYFKGLELIFVFPRFI,0,CFB
WIRNCPGLELIFVFPRFI,1,CFB
WIRNHKGLELIFVFPRFI,0,CFB
WISMRDGLELIFVFPRFI,0,CFB
WISRFMGLELIFVFPRFI,0,CFB
WISRLTGLELIFVFPRFI,0,CFB
WISRSEGLELIFVFPRFI,1,CFB
WITVGSGLELIFVFPRFI,1,CFB
WIVLYFGLELIFVFPRFI,0,CFB
WIYQYLGLELIFVFPRFI,1,CFB
WKCDRLGLELIFVFPRFI,0,CFB
WKFLFPGLELIFVFPRFI,0,CFB
WKGSDHGLELIFVFPRFI,0,CFB
WKGTASGLELIFVFPRFI,0,CFB
WKISTKGLELIFVFPRFI,1,CFB
WKKQKQGLELIFVFPRFI,0,CFB
WKLASWGLELIFVFPRFI,1,CFB
WKLVLSGLELIFVFPRFI,0,CFB
WKMMESGLELIFVFPRFI,0,CFB
WKNLCSGLELIFVFPRFI,0,CFB
WKNLSAGLELIFVFPRFI,1,CFB
WKSTSAGLELIFVFPRFI,1,CFB
WKSVSSGLELIFVFPRFI,0,CFB
WKSWQYGLELIFVFPRFI,0,CFB
WKTRQLGLELIFVFPRFI,0,CFB
WKWIPGGLELIFVFPRFI,1,CFB
WKWTRTGLELIFVFPRFI,0,CFB
WLADVTGLELIFVFPRFI,1,CFB
WLANWAGLELIFVFPRFI,0,CFB
WLARYLGLELIFVFPRFI,1,CFB
WLDLSTGLELIFVFPRFI,0,CFB
WLFSHIGLELIFVFPRFI,1,CFB
WLITNIGLELIFVFPRFI,1,CFB
WLKAMMGLELIFVFPRFI,1,CFB
WLKESRGLELIFVFPRFI,0,CFB
WLKMALGLELIFVFPRFI,1,CFB
WLKRSFGLELIFVFPRFI,0,CFB
WLLLFQGLELIFVFPRFI,0,CFB
WLLNRMGLELIFVFPRFI,0,CFB
WLLPLNGLELIFVFPRFI,0,CFB
WLLVETGLELIFVFPRFI,1,CFB
WLMIHPGLELIFVFPRFI,1,CFB
WLMNRHGLELIFVFPRFI,1,CFB
WLMYKTGLELIFVFPRFI,1,CFB
WLNAEDGLELIFVFPRFI,1,CFB
WLNGETGLELIFVFPRFI,1,CFB
WLNMICGLELIFVFPRFI,1,CFB
WLNPCTGLELIFVFPRFI,0,CFB
WLNTEDGLELIFVFPRFI,1,CFB
WLNTYRGLELIFVFPRFI,1,CFB
WLNVVTGLELIFVFPRFI,1,CFB
WLNYSDGLELIFVFPRFI,1,CFB
WLPLIMGLELIFVFPRFI,1,CFB
WLPRCQGLELIFVFPRFI,0,CFB
WLPSLTGLELIFVFPRFI,1,CFB
WLQFAYGLELIFVFPRFI,1,CFB
WLQFYYGLELIFVFPRFI,1,CFB
WLQMIYGLELIFVFPRFI,0,CFB
WLQVSLGLELIFVFPRFI,1,CFB
WLRESLGLELIFVFPRFI,0,CFB
WLRFNKGLELIFVFPRFI,0,CFB
WLRRNLGLELIFVFPRFI,0,CFB
WLSKLQGLELIFVFPRFI,1,CFB
WLSLPSGLELIFVFPRFI,1,CFB
WLSMHMGLELIFVFPRFI,1,CFB
WLSSAPGLELIFVFPRFI,1,CFB
WLSSLMGLELIFVFPRFI,1,CFB
WLSSMYGLELIFVFPRFI,1,CFB
WLSSTEGLELIFVFPRFI,1,CFB
WLSTRVGLELIFVFPRFI,1,CFB
WLSVVTGLELIFVFPRFI,1,CFB
WLTLLCGLELIFVFPRFI,0,CFB
WLTLLFGLELIFVFPRFI,1,CFB
WLTMKYGLELIFVFPRFI,1,CFB
WLTTINGLELIFVFPRFI,1,CFB
WLTYQHGLELIFVFPRFI,1,CFB
WLVGNWGLELIFVFPRFI,1,CFB
WLVHNSGLELIFVFPRFI,0,CFB
WLVTMKGLELIFVFPRFI,1,CFB
WLWLMFGLELIFVFPRFI,1,CFB
WLWLPQGLELIFVFPRFI,1,CFB
WLYGRSGLELIFVFPRFI,1,CFB
WLYMTLGLELIFVFPRFI,1,CFB
WLYQGFGLELIFVFPRFI,1,CFB
WLYWLIGLELIFVFPRFI,1,CFB
WMALFLGLELIFVFPRFI,1,CFB
WMCKCRGLELIFVFPRFI,0,CFB
WMDLLQGLELIFVFPRFI,0,CFB
WMDMEMGLELIFVFPRFI,1,CFB
WMFMRRGLELIFVFPRFI,1,CFB
WMFSNQGLELIFVFPRFI,1,CFB
WMGELAGLELIFVFPRFI,1,CFB
WMILNQGLELIFVFPRFI,1,CFB
WMIPKAGLELIFVFPRFI,0,CFB
WMIRDIGLELIFVFPRFI,0,CFB
WMIWINGLELIFVFPRFI,0,CFB
WMIYKQGLELIFVFPRFI,1,CFB
WMKRQSGLELIFVFPRFI,0,CFB
WMKSSMGLELIFVFPRFI,1,CFB
WMKSVNGLELIFVFPRFI,0,CFB
WMLKGQGLELIFVFPRFI,1,CFB
WMLMSVGLELIFVFPRFI,1,CFB
WMLQHHGLELIFVFPRFI,1,CFB
WMMIHWGLELIFVFPRFI,1,CFB
WMMRQTGLELIFVFPRFI,1,CFB
WMMSSLGLELIFVFPRFI,1,CFB
WMNLEIGLELIFVFPRFI,1,CFB
WMPNSWGLELIFVFPRFI,1,CFB
WMRGANGLELIFVFPRFI,1,CFB
WMRIISGLELIFVFPRFI,0,CFB
WMRLSTGLELIFVFPRFI,1,CFB
WMRNWLGLELIFVFPRFI,1,CFB
WMRSEIGLELIFVFPRFI,1,CFB
WMRSWQGLELIFVFPRFI,1,CFB
WMSGQLGLELIFVFPRFI,1,CFB
WMSTLFGLELIFVFPRFI,1,CFB
WMSTYNGLELIFVFPRFI,1,CFB
WMTHCRGLELIFVFPRFI,1,CFB
WMTKKRGLELIFVFPRFI,0,CFB
WMTMPKGLELIFVFPRFI,1,CFB
WMWNLSGLELIFVFPRFI,1,CFB
WMYFKRGLELIFVFPRFI,0,CFB
WMYLRQGLELIFVFPRFI,1,CFB
WNESNIGLELIFVFPRFI,0,CFB
WNFISFGLELIFVFPRFI,1,CFB
WNFKTYGLELIFVFPRFI,0,CFB
WNHMWYGLELIFVFPRFI,1,CFB
WNLYLMGLELIFVFPRFI,1,CFB
WNMMAYGLELIFVFPRFI,1,CFB
WNMYLQGLELIFVFPRFI,1,CFB
WNNGKFGLELIFVFPRFI,1,CFB
WNNKSSGLELIFVFPRFI,1,CFB
WNNYQQGLELIFVFPRFI,1,CFB
WNSSLWGLELIFVFPRFI,1,CFB
WNSSTTGLELIFVFPRFI,1,CFB
WNTARRGLELIFVFPRFI,1,CFB
WNTQVNGLELIFVFPRFI,1,CFB
WNVHGTGLELIFVFPRFI,1,CFB
WNVLLSGLELIFVFPRFI,1,CFB
WNVPVLGLELIFVFPRFI,0,CFB
WNWSKYGLELIFVFPRFI,1,CFB
WPCSTPGLELIFVFPRFI,1,CFB
WPCTVSGLELIFVFPRFI,0,CFB
WPEGESGLELIFVFPRFI,0,CFB
WPFCTPGLELIFVFPRFI,0,CFB
WPFKMTGLELIFVFPRFI,0,CFB
WPGTVNGLELIFVFPRFI,0,CFB
WPLKSGGLELIFVFPRFI,0,CFB
WPLYKEGLELIFVFPRFI,0,CFB
WPPTVSGLELIFVFPRFI,0,CFB
WPRCAPGLELIFVFPRFI,0,CFB
WPRSWKGLELIFVFPRFI,0,CFB
WPSILKGLELIFVFPRFI,0,CFB
WPTSVNGLELIFVFPRFI,0,CFB
WPTWRYGLELIFVFPRFI,0,CFB
WPWQGKGLELIFVFPRFI,0,CFB
WQAWNAGLELIFVFPRFI,0,CFB
WQGQVSGLELIFVFPRFI,1,CFB
WQHEWSGLELIFVFPRFI,1,CFB
WQIMTDGLELIFVFPRFI,1,CFB
WQIRPYGLELIFVFPRFI,0,CFB
WQLDTMGLELIFVFPRFI,0,CFB
WQLGSMGLELIFVFPRFI,1,CFB
WQLLTPGLELIFVFPRFI,1,CFB
WQLQRTGLELIFVFPRFI,0,CFB
WQLWLTGLELIFVFPRFI,0,CFB
WQLYSMGLELIFVFPRFI,1,CFB
WQMSILGLELIFVFPRFI,1,CFB
WQPDGDGLELIFVFPRFI,1,CFB
WQPNILGLELIFVFPRFI,0,CFB
WQQKMKGLELIFVFPRFI,0,CFB
WQQRNYGLELIFVFPRFI,0,CFB
WQRLSSGLELIFVFPRFI,1,CFB
WQRPLQGLELIFVFPRFI,0,CFB
WQRSLLGLELIFVFPRFI,1,CFB
WQRWSLGLELIFVFPRFI,0,CFB
WQSFIMGLELIFVFPRFI,1,CFB
WQSKEIGLELIFVFPRFI,1,CFB
WQTPRSGLELIFVFPRFI,1,CFB
WQTWSTGLELIFVFPRFI,1,CFB
WQYMYNGLELIFVFPRFI,1,CFB
WRCMPNGLELIFVFPRFI,1,CFB
WRDCLFGLELIFVFPRFI,0,CFB
WRGVWFGLELIFVFPRFI,0,CFB
WRIMSEGLELIFVFPRFI,0,CFB
WRKETMGLELIFVFPRFI,0,CFB
WRLFSPGLELIFVFPRFI,0,CFB
WRNMSLGLELIFVFPRFI,0,CFB
WRNNSLGLELIFVFPRFI,1,CFB
WRPTRVGLELIFVFPRFI,0,CFB
WRQVSRGLELIFVFPRFI,0,CFB
WRRILSGLELIFVFPRFI,0,CFB
WRTAEWGLELIFVFPRFI,1,CFB
WRTGILGLELIFVFPRFI,1,CFB
WRTLGKGLELIFVFPRFI,1,CFB
WRTSSYGLELIFVFPRFI,1,CFB
WRYHEYGLELIFVFPRFI,1,CFB
WRYLGRGLELIFVFPRFI,1,CFB
WRYMLGGLELIFVFPRFI,1,CFB
WRYMTVGLELIFVFPRFI,1,CFB
WRYPVKGLELIFVFPRFI,1,CFB
WRYQVPGLELIFVFPRFI,0,CFB
WRYVMYGLELIFVFPRFI,1,CFB
WSACNFGLELIFVFPRFI,1,CFB
WSALDIGLELIFVFPRFI,1,CFB
WSANRHGLELIFVFPRFI,1,CFB
WSASGYGLELIFVFPRFI,0,CFB
WSDWTHGLELIFVFPRFI,0,CFB
WSDYTNGLELIFVFPRFI,1,CFB
WSELAMGLELIFVFPRFI,0,CFB
WSEQNVGLELIFVFPRFI,0,CFB
WSETTLGLELIFVFPRFI,0,CFB
WSGSLSGLELIFVFPRFI,1,CFB
WSIFTKGLELIFVFPRFI,1,CFB
WSILLAGLELIFVFPRFI,1,CFB
WSKRTLGLELIFVFPRFI,0,CFB
WSKWCRGLELIFVFPRFI,0,CFB
WSLDFSGLELIFVFPRFI,0,CFB
WSLQEMGLELIFVFPRFI,1,CFB
WSLWWTGLELIFVFPRFI,1,CFB
WSMPIRGLELIFVFPRFI,1,CFB
WSNAFDGLELIFVFPRFI,1,CFB
WSNTLMGLELIFVFPRFI,1,CFB
WSNYRMGLELIFVFPRFI,1,CFB
WSPLNYGLELIFVFPRFI,1,CFB
WSQGQMGLELIFVFPRFI,1,CFB
WSREEFGLELIFVFPRFI,1,CFB
WSRPNLGLELIFVFPRFI,0,CFB
WSRYCNGLELIFVFPRFI,1,CFB
WSSALGGLELIFVFPRFI,1,CFB
WSSTHMGLELIFVFPRFI,1,CFB
WSTFQLGLELIFVFPRFI,1,CFB
WSTMPTGLELIFVFPRFI,1,CFB
WSVLVTGLELIFVFPRFI,1,CFB
WSVMFYGLELIFVFPRFI,1,CFB
WSWDVTGLELIFVFPRFI,1,CFB
WSWNMNGLELIFVFPRFI,1,CFB
WSYEVYGLELIFVFPRFI,1,CFB
WSYWYHGLELIFVFPRFI,1,CFB
WTAFHVGLELIFVFPRFI,1,CFB
WTAVLLGLELIFVFPRFI,1,CFB
WTDTYNGLELIFVFPRFI,1,CFB
WTFCFTGLELIFVFPRFI,1,CFB
WTFMSSGLELIFVFPRFI,1,CFB
WTFSLSGLELIFVFPRFI,1,CFB
WTFTQLGLELIFVFPRFI,1,CFB
WTFVLTGLELIFVFPRFI,0,CFB
WTGLQRGLELIFVFPRFI,1,CFB
WTGTERGLELIFVFPRFI,1,CFB
WTIYLDGLELIFVFPRFI,1,CFB
WTIYNKGLELIFVFPRFI,1,CFB
WTKHTSGLELIFVFPRFI,0,CFB
WTKRNIGLELIFVFPRFI,0,CFB
WTLCACGLELIFVFPRFI,1,CFB
WTLFPRGLELIFVFPRFI,1,CFB
WTLLYKGLELIFVFPRFI,1,CFB
WTLMKTGLELIFVFPRFI,1,CFB
WTLMTSGLELIFVFPRFI,1,CFB
WTLTYTGLELIFVFPRFI,1,CFB
WTNSSIGLELIFVFPRFI,1,CFB
WTPSNMGLELIFVFPRFI,1,CFB
WTQLPMGLELIFVFPRFI,0,CFB
WTQTPLGLELIFVFPRFI,1,CFB
WTSALRGLELIFVFPRFI,1,CFB
WTSELSGLELIFVFPRFI,1,CFB
WTSHPWGLELIFVFPRFI,1,CFB
WTSMSTGLELIFVFPRFI,1,CFB
WTSSVKGLELIFVFPRFI,1,CFB
WTSTRHGLELIFVFPRFI,1,CFB
WTVDTKGLELIFVFPRFI,0,CFB
WTVKSNGLELIFVFPRFI,1,CFB
WTVQGAGLELIFVFPRFI,1,CFB
WTWMPRGLELIFVFPRFI,0,CFB
WTWNGQGLELIFVFPRFI,1,CFB
WTYLIMGLELIFVFPRFI,1,CFB
WTYRFTGLELIFVFPRFI,0,CFB
WTYRLRGLELIFVFPRFI,0,CFB
WTYSNLGLELIFVFPRFI,1,CFB
WVAKCLGLELIFVFPRFI,0,CFB
WVGQSRGLELIFVFPRFI,1,CFB
WVHSSTGLELIFVFPRFI,1,CFB
WVINQIGLELIFVFPRFI,1,CFB
WVISNCGLELIFVFPRFI,1,CFB
WVLIESGLELIFVFPRFI,0,CFB
WVMMFRGLELIFVFPRFI,1,CFB
WVMPYTGLELIFVFPRFI,0,CFB
WVPTSRGLELIFVFPRFI,1,CFB
WVQKLLGLELIFVFPRFI,0,CFB
WVSVNIGLELIFVFPRFI,1,CFB
WVTGRKGLELIFVFPRFI,1,CFB
WVTQGTGLELIFVFPRFI,1,CFB
WVTRAVGLELIFVFPRFI,1,CFB
WVTTTYGLELIFVFPRFI,1,CFB
WVVSWLGLELIFVFPRFI,1,CFB
WVWVSVGLELIFVFPRFI,0,CFB
WVYQVAGLELIFVFPRFI,1,CFB
WVYTVTGLELIFVFPRFI,1,CFB
WWCTGYGLELIFVFPRFI,1,CFB
WWGGFYGLELIFVFPRFI,1,CFB
WWGTLGGLELIFVFPRFI,1,CFB
WWILINGLELIFVFPRFI,0,CFB
WWLTILGLELIFVFPRFI,1,CFB
WWQCQPGLELIFVFPRFI,1,CFB
WWRALDGLELIFVFPRFI,1,CFB
WWSAVLGLELIFVFPRFI,1,CFB
WYAAEWGLELIFVFPRFI,1,CFB
WYAHLSGLELIFVFPRFI,1,CFB
WYAMISGLELIFVFPRFI,1,CFB
WYDLVAGLELIFVFPRFI,1,CFB
WYFPVVGLELIFVFPRFI,0,CFB
WYGKAIGLELIFVFPRFI,1,CFB
WYGLYFGLELIFVFPRFI,1,CFB
WYGPATGLELIFVFPRFI,1,CFB
WYGWIRGLELIFVFPRFI,1,CFB
WYILFCGLELIFVFPRFI,0,CFB
WYILHVGLELIFVFPRFI,1,CFB
WYKPFTGLELIFVFPRFI,1,CFB
WYLWVFGLELIFVFPRFI,1,CFB
WYMSSGGLELIFVFPRFI,1,CFB
WYPAFLGLELIFVFPRFI,1,CFB
WYRAEWGLELIFVFPRFI,1,CFB
WYRWRSGLELIFVFPRFI,0,CFB
WYRYKTGLELIFVFPRFI,0,CFB
WYSYFQGLELIFVFPRFI,1,CFB
WYTAAWGLELIFVFPRFI,1,CFB
WYTAEAGLELIFVFPRFI,1,CFB
WYTAERGLELIFVFPAFI,1,CFB
WYTAERGLELIFVFPHFI,1,CFB
WYTAERGLELIFVFPKFI,1,CFB
WYTAERGLELIFVFPRFI,1,CFB
WYTAERGLELIFVFPWFI,1,CFB
WYTAEWALELIFVFPRFI,1,CFB
WYTAEWDLELIFVFPRFI,1,CFB
WYTAEWELELIFVFPRFI,1,CFB
WYTAEWGAELIFVFPRFI,1,CFB
WYTAEWGLDLIFVFPRFI,0,CFB
WYTAEWGLEACFVFPRFI,1,CFB
WYTAEWGLEAGFVFPRFI,1,CFB
WYTAEWGLEAIFVFPRFI,1,CFB
WYTAEWGLEALFVFPRFI,1,CFB
WYTAEWGLEARFVFPRFI,0,CFB
WYTAEWGLEARITGGRFI,0,CFB
WYTAEWGLEASFVFPRFI,1,CFB
WYTAEWGLEAVFVFPRFI,1,CFB
WYTAEWGLEAWFVFPRFI,1,CFB
WYTAEWGLEAWLRHPRFI,0,CFB
WYTAEWGLEAYFVFPRFI,1,CFB
WYTAEWGLECAFVFPRFI,1,CFB
WYTAEWGLECHFVFPRFI,0,CFB
WYTAEWGLECIDVYARFI,0,in vitro
WYTAEWGLECIDVYPRFI,0,in vitro
WYTAEWGLECIFVFPRFI,1,CFB
WYTAEWGLECKFVFPRFI,0,CFB
WYTAEWGLECLFVFPRFI,1,CFB
WYTAEWGLECMFVFPRFI,1,CFB
WYTAEWGLECRFVFPRFI,0,CFB
WYTAEWGLECSFVFPRFI,1,CFB
WYTAEWGLECVFVFPRFI,1,CFB
WYTAEWGLECVLFVPRFI,1,CFB
WYTAEWGLECYFVFPRFI,0,CFB
WYTAEWGLEDEFVFPRFI,0,CFB
WYTAEWGLEDGFVFPRFI,0,CFB
WYTAEWGLEDIFVFPRFI,1,CFB
WYTAEWGLEDMFVFPRFI,1,CFB
WYTAEWGLEDNFVFPRFI,1,CFB
WYTAEWGLEDNHRLPRFI,0,CFB
WYTAEWGLEDNMVTPRFI,1,in vitro
WYTAEWGLEDSFVFPRFI,0,CFB
WYTAEWGLEDTFVFPRFI,1,CFB
WYTAEWGLEDWFVFPRFI,0,CFB
WYTAEWGLEDWGGLERFI,0,CFB
WYTAEWGLEDYFVFPRFI,1,CFB
WYTAEWGLEEAFVFPRFI,1,CFB
WYTAEWGLEEEFVFPRFI,0,CFB
WYTAEWGLEEHFVFPRFI,0,CFB
WYTAEWGLEEPACGPRFI,0,CFB
WYTAEWGLEEPFVFPRFI,1,CFB
WYTAEWGLEERFVFPRFI,0,CFB
WYTAEWGLEEWFVFPRFI,1,CFB
WYTAEWGLEEYFVFPRFI,1,CFB
WYTAEWGLEFCFVFPRFI,1,CFB
WYTAEWGLEFCINFPRFI,1,CFB
WYTAEWGLEFGFVFPRFI,1,CFB
WYTAEWGLEFHLEMPRFI,0,CFB
WYTAEWGLEFHSWGPRFI,0,CFB
WYTAEWGLEFKFVFPRFI,0,CFB
WYTAEWGLEFLFVFPRFI,1,CFB
WYTAEWGLEFNFVFPRFI,1,CFB
WYTAEWGLEFTFVFPRFI,1,CFB
WYTAEWGLEGCFVFPRFI,1,CFB
WYTAEWGLEGEFVFPRFI,0,CFB
WYTAEWGLEGETIPPRFI,0,CFB
WYTAEWGLEGGFVFPRFI,0,CFB
WYTAEWGLEGGLLEPRFI,0,CFB
WYTAEWGLEGICMYPRFI,1,CFB
WYTAEWGLEGIFVFPRFI,1,CFB
WYTAEWGLEGKFVFPRFI,0,CFB
WYTAEWGLEGLAYAPRFI,1,CFB
WYTAEWGLEGLSYAPRFI,1,CFB
WYTAEWGLEGMFVFPRFI,1,CFB
WYTAEWGLEGPFVFPRFI,0,CFB
WYTAEWGLEGRFMVPRFI,0,in vitro
WYTAEWGLEGRFVFPRFI,0,CFB
WYTAEWGLEGVFVFPRFI,1,CFB
WYTAEWGLEGWFVFPRFI,1,CFB
WYTAEWGLEGYFVFPRFI,1,CFB
WYTAEWGLEHAVLFPRFI,1,CFB
WYTAEWGLEHDFVFPRFI,0,CFB
WYTAEWGLEHDVRHPRFI,0,CFB
WYTAEWGLEHGFVFPRFI,0,CFB
WYTAEWGLEHLFVFPRFI,0,CFB
WYTAEWGLEHLLEGPRFI,0,CFB
WYTAEWGLEHMFVFPRFI,1,CFB
WYTAEWGLEHNWVMPRFI,0,CFB
WYTAEWGLEHRFVFPRFI,0,CFB
WYTAEWGLEHSFVFPRFI,0,CFB
WYTAEWGLEHTFVFPRFI,1,CFB
WYTAEWGLEHVFVFPRFI,1,CFB
WYTAEWGLEHWFVFPRFI,0,CFB
WYTAEWGLEIAFVFPRFI,1,CFB
WYTAEWGLEICFVFPRFI,1,CFB
WYTAEWGLEIFFVFPRFI,1,CFB
WYTAEWGLEILCVAIRFI,0,CFB
WYTAEWGLEILFVFPRFI,1,CFB
WYTAEWGLEILSIWPRFI,1,CFB
WYTAEWGLEIPFVFPRFI,1,CFB
WYTAEWGLEIRWGCPRFI,0,CFB
WYTAEWGLEIYGGTPRFI,1,CFB
WYTAEWGLEKFFVFPRFI,1,CFB
WYTAEWGLEKGFVFPRFI,0,CFB
WYTAEWGLEKIFVFPRFI,1,CFB
WYTAEWGLEKIFVMPRFI,1,CFB
WYTAEWGLEKIFVMSRFI,0,in vitro
WYTAEWGLEKLFVFPRFI,0,CFB
WYTAEWGLEKLSLHPRFI,0,CFB
WYTAEWGLEKPFVFPRFI,0,CFB
WYTAEWGLEKVMALPRFI,0,CFB
WYTAEWGLEKVYSLPRFI,1,CFB
WYTAEWGLELAFVFPRFI,1,CFB
WYTAEWGLELARGRPRFI,0,CFB
WYTAEWGLELCFVFPRFI,1,CFB
WYTAEWGLELDFVFPRFI,1,CFB
WYTAEWGLELDMVTPRFI,0,in vitro
WYTAEWGLELEFVFPRFI,1,CFB
WYTAEWGLELEIVCWRFI,0,CFB
WYTAEWGLELFFVFPRFI,1,CFB
WYTAEWGLELGFVFPRFI,1,CFB
WYTAEWGLELHFVFPRFI,1,CFB
WYTAEWGLELIAAFPRFI,0,CFB
WYTAEWGLELIAGFPRFI,0,CFB
WYTAEWGLELIAIFPRFI,1,CFB
WYTAEWGLELIAKFPRFI,1,CFB
WYTAEWGLELIALFPRFI,1,CFB
WYTAEWGLELIAMFPRFI,1,CFB
WYTAEWGLELIANFPRFI,1,CFB
WYTAEWGLELIARFPRFI,0,CFB
WYTAEWGLELIASFPRFI,1,CFB
WYTAEWGLELIAVFPRFI,1,CFB
WYTAEWGLELIAYFPRFI,1,CFB
WYTAEWGLELICAFPRFI,1,CFB
WYTAEWGLELICCFPRFI,1,CFB
WYTAEWGLELICEFPRFI,1,CFB
WYTAEWGLELICMFPRFI,1,CFB
WYTAEWGLELICNFPRFI,0,CFB
WYTAEWGLELICRFPRFI,0,CFB
WYTAEWGLELICVFPRFI,1,CFB
WYTAEWGLELICWFPRFI,0,CFB
WYTAEWGLELICYFPRFI,1,CFB
WYTAEWGLELIDCFPRFI,1,CFB
WYTAEWGLELIDGFPRFI,0,CFB
WYTAEWGLELIDIFPRFI,1,CFB
WYTAEWGLELIDLFPRFI,1,CFB
WYTAEWGLELIDRFPRFI,0,CFB
WYTAEWGLELIDTFPRFI,0,CFB
WYTAEWGLELIDVFPRFI,1,CFB
WYTAEWGLELIEAFPRFI,0,CFB
WYTAEWGLELIECFPRFI,1,CFB
WYTAEWGLELIEKFPRFI,0,CFB
WYTAEWGLELIELFPRFI,1,CFB
WYTAEWGLELIEMFPRFI,1,CFB
WYTAEWGLELIESFPRFI,0,CFB
WYTAEWGLELIEWFPRFI,0,CFB
WYTAEWGLELIFAFPRFI,1,CFB
WYTAEWGLELIFCFPRFI,1,CFB
WYTAEWGLELIFDFPRFI,1,CFB
WYTAEWGLELIFFFPRFI,1,CFB
WYTAEWGLELIFGFPRFI,1,CFB
WYTAEWGLELIFHFPRFI,1,CFB
WYTAEWGLELIFKFPRFI,1,CFB
WYTAEWGLELIFMFPRFI,1,CFB
WYTAEWGLELIFPFPRFI,1,CFB
WYTAEWGLELIFRFPRFI,1,CFB
WYTAEWGLELIFSFPRFI,1,CFB
WYTAEWGLELIFVAGRFI,0,CFB
WYTAEWGLELIFVAHRFI,0,CFB
WYTAEWGLELIFVALRFI,0,CFB
WYTAEWGLELIFVAMRFI,0,CFB
WYTAEWGLELIFVAPRFI,1,CFB
WYTAEWGLELIFVARRFI,0,CFB
WYTAEWGLELIFVATRFI,1,CFB
WYTAEWGLELIFVCFRFI,0,CFB
WYTAEWGLELIFVCIRFI,1,CFB
WYTAEWGLELIFVCLRFI,0,CFB
WYTAEWGLELIFVCMRFI,0,CFB
WYTAEWGLELIFVCPRFI,1,CFB
WYTAEWGLELIFVCSRFI,0,CFB
WYTAEWGLELIFVCVRFI,1,CFB
WYTAEWGLELIFVDMRFI,0,CFB
WYTAEWGLELIFVDPRFI,1,CFB
WYTAEWGLELIFVDRRFI,0,CFB
WYTAEWGLELIFVDSRFI,0,CFB
WYTAEWGLELIFVEPRFI,1,CFB
WYTAEWGLELIFVERRFI,0,CFB
WYTAEWGLELIFVESRFI,0,CFB
WYTAEWGLELIFVETRFI,0,CFB
WYTAEWGLELIFVEVRFI,0,CFB
WYTAEWGLELIFVFARFI,1,CFB
WYTAEWGLELIFVFCRFI,1,CFB
WYTAEWGLELIFVFGRFI,1,CFB
WYTAEWGLELIFVFLRFI,0,CFB
WYTAEWGLELIFVFPEFI,0,CFB
WYTAEWGLELIFVFPHFI,0,CFB
WYTAEWGLELIFVFPLFI,0,CFB
WYTAEWGLELIFVFPRAI,1,CFB
WYTAEWGLELIFVFPREI,1,CFB
WYTAEWGLELIFVFPRFA,1,CFB
WYTAEWGLELIFVFPRFF,1,CFB
WYTAEWGLELIFVFPRFI,1,CFB
WYTAEWGLELIFVFPRFL,1,CFB
WYTAEWGLELIFVFPRFN,1,CFB
WYTAEWGLELIFVFPRFR,1,CFB
WYTAEWGLELIFVFPRHI,1,CFB
WYTAEWGLELIFVFPRLF,1,CFB
WYTAEWGLELIFVFPRLI,1,CFB
WYTAEWGLELIFVFPRRI,1,CFB
WYTAEWGLELIFVFRRFI,0,CFB
WYTAEWGLELIFVGARFI,1,CFB
WYTAEWGLELIFVGDRFI,0,CFB
WYTAEWGLELIFVGHRFI,0,CFB
WYTAEWGLELIFVGLRFI,0,CFB
WYTAEWGLELIFVGPRFI,1,CFB
WYTAEWGLELIFVGRRFI,0,CFB
WYTAEWGLELIFVGSRFI,0,CFB
WYTAEWGLELIFVHGRFI,0,CFB
WYTAEWGLELIFVHKRFI,0,CFB
WYTAEWGLELIFVHLRFI,0,CFB
WYTAEWGLELIFVHPRFI,1,CFB
WYTAEWGLELIFVHQRFI,0,CFB
WYTAEWGLELIFVHYRFI,0,CFB
WYTAEWGLELIFVIDRFI,0,CFB
WYTAEWGLELIFVIMRFI,1,CFB
WYTAEWGLELIFVIPRFI,1,CFB
WYTAEWGLELIFVISRFI,1,CFB
WYTAEWGLELIFVITRFI,0,CFB
WYTAEWGLELIFVIVRFI,0,CFB
WYTAEWGLELIFVIWRFI,0,CFB
WYTAEWGLELIFVIYRFI,0,CFB
WYTAEWGLELIFVKDRFI,1,CFB
WYTAEWGLELIFVKFRFI,0,CFB
WYTAEWGLELIFVKLRFI,0,CFB
WYTAEWGLELIFVKPRFI,1,CFB
WYTAEWGLELIFVKRRFI,0,CFB
WYTAEWGLELIFVKYRFI,0,CFB
WYTAEWGLELIFVLARFI,1,CFB
WYTAEWGLELIFVLERFI,1,CFB
WYTAEWGLELIFVLHRFI,1,CFB
WYTAEWGLELIFVLMRFI,1,CFB
WYTAEWGLELIFVLNRFI,1,CFB
WYTAEWGLELIFVLPRFI,1,CFB
WYTAEWGLELIFVLSRFI,1,CFB
WYTAEWGLELIFVLTRFI,1,CFB
WYTAEWGLELIFVLWRFI,0,CFB
WYTAEWGLELIFVLYRFI,0,CFB
WYTAEWGLELIFVMARFI,1,CFB
WYTAEWGLELIFVMCRFI,0,CFB
WYTAEWGLELIFVMFRFI,0,CFB
WYTAEWGLELIFVMGRFI,0,CFB
WYTAEWGLELIFVMHRFI,0,CFB
WYTAEWGLELIFVMKRFI,0,CFB
WYTAEWGLELIFVMLRFI,0,CFB
WYTAEWGLELIFVMNRFI,1,CFB
WYTAEWGLELIFVMPRFI,1,CFB
WYTAEWGLELIFVMSRFI,1,CFB
WYTAEWGLELIFVMWRFI,0,CFB
WYTAEWGLELIFVNCRFI,0,CFB
WYTAEWGLELIFVNKRFI,0,CFB
WYTAEWGLELIFVNLRFI,0,CFB
WYTAEWGLELIFVNNRFI,0,CFB
WYTAEWGLELIFVNPRFI,1,CFB
WYTAEWGLELIFVNRRFI,0,CFB
WYTAEWGLELIFVNWRFI,0,CFB
WYTAEWGLELIFVNYRFI,0,CFB
WYTAEWGLELIFVPCRFI,1,CFB
WYTAEWGLELIFVPFRFI,0,CFB
WYTAEWGLELIFVPGRFI,0,CFB
WYTAEWGLELIFVPHRFI,0,CFB
WYTAEWGLELIFVPKRFI,0,CFB
WYTAEWGLELIFVPLRFI,1,CFB
WYTAEWGLELIFVPNRFI,0,CFB
WYTAEWGLELIFVPRRFI,0,CFB
WYTAEWGLELIFVPSRFI,0,CFB
WYTAEWGLELIFVPVRFI,0,CFB
WYTAEWGLELIFVQARFI,1,CFB
WYTAEWGLELIFVQDRFI,0,CFB
WYTAEWGLELIFVQPRFI,1,CFB
WYTAEWGLELIFVQSRFI,1,CFB
WYTAEWGLELIFVQYRFI,0,CFB
WYTAEWGLELIFVRDRFI,0,CFB
WYTAEWGLELIFVRERFI,0,CFB
WYTAEWGLELIFVRFRFI,0,CFB
WYTAEWGLELIFVRGRFI,0,CFB
WYTAEWGLELIFVRHRFI,0,CFB
WYTAEWGLELIFVRLRFI,0,CFB
WYTAEWGLELIFVRPRFI,1,CFB
WYTAEWGLELIFVRSRFI,1,CFB
WYTAEWGLELIFVSARFI,0,CFB
WYTAEWGLELIFVSFRFI,0,CFB
WYTAEWGLELIFVSGRFI,0,CFB
WYTAEWGLELIFVSHRFI,0,CFB
WYTAEWGLELIFVSPRFI,1,CFB
WYTAEWGLELIFVSQRFI,0,CFB
WYTAEWGLELIFVSRRFI,0,CFB
WYTAEWGLELIFVSSRFI,1,CFB
WYTAEWGLELIFVSTRFI,1,CFB
WYTAEWGLELIFVTARFI,0,CFB
WYTAEWGLELIFVTDRFI,0,CFB
WYTAEWGLELIFVTGRFI,0,CFB
WYTAEWGLELIFVTHRFI,0,CFB
WYTAEWGLELIFVTKRFI,0,CFB
WYTAEWGLELIFVTPRFI,1,CFB
WYTAEWGLELIFVTTRFI,0,CFB
WYTAEWGLELIFVTWRFI,0,CFB
WYTAEWGLELIFVVARFI,1,CFB
WYTAEWGLELIFVVCRFI,1,CFB
WYTAEWGLELIFVVDRFI,0,CFB
WYTAEWGLELIFVVERFI,0,CFB
WYTAEWGLELIFVVFRFI,0,CFB
WYTAEWGLELIFVVGRFI,0,CFB
WYTAEWGLELIFVVIRFI,0,CFB
WYTAEWGLELIFVVKRFI,0,CFB
WYTAEWGLELIFVVMRFI,0,CFB
WYTAEWGLELIFVVNRFI,0,CFB
WYTAEWGLELIFVVPRFI,1,CFB
WYTAEWGLELIFVVSRFI,1,CFB
WYTAEWGLELIFVVTRFI,0,CFB
WYTAEWGLELIFVVWRFI,0,CFB
WYTAEWGLELIFVVYRFI,0,CFB
WYTAEWGLELIFVWCRFI,0,CFB
WYTAEWGLELIFVWDRFI,0,CFB
WYTAEWGLELIFVWERFI,0,CFB
WYTAEWGLELIFVWFRFI,0,CFB
WYTAEWGLELIFVWKRFI,0,CFB
WYTAEWGLELIFVWPRFI,1,CFB
WYTAEWGLELIFVWSRFI,0,CFB
WYTAEWGLELIFVYARFI,1,CFB
WYTAEWGLELIFVYERFI,0,CFB
WYTAEWGLELIFVYQRFI,0,CFB
WYTAEWGLELIFVYTRFI,1,CFB
WYTAEWGLELIFYFPRFI,1,CFB
WYTAEWGLELIGAFPRFI,1,CFB
WYTAEWGLELIGDFPRFI,0,CFB
WYTAEWGLELIGFFPRFI,1,CFB
WYTAEWGLELIGGFPRFI,0,CFB
WYTAEWGLELIGHFPRFI,1,CFB
WYTAEWGLELIGIFPRFI,1,CFB
WYTAEWGLELIGMFPRFI,1,CFB
WYTAEWGLELIGNFPRFI,1,CFB
WYTAEWGLELIGQFPRFI,1,CFB
WYTAEWGLELIGRFPRFI,0,CFB
WYTAEWGLELIGSFPRFI,0,CFB
WYTAEWGLELIGVFPRFI,1,CFB
WYTAEWGLELIHAFPRFI,1,CFB
WYTAEWGLELIHEFPRFI,0,CFB
WYTAEWGLELIHHFPRFI,1,CFB
WYTAEWGLELIHIFPRFI,1,CFB
WYTAEWGLELIHRFPRFI,0,CFB
WYTAEWGLELIHSFPRFI,0,CFB
WYTAEWGLELIHVFPRFI,1,CFB
WYTAEWGLELIIHFPRFI,1,CFB
WYTAEWGLELIIKFPRFI,0,CFB
WYTAEWGLELIILFPRFI,1,CFB
WYTAEWGLELIINFPRFI,1,CFB
WYTAEWGLELIIQFPRFI,1,CFB
WYTAEWGLELIIRFPRFI,0,CFB
WYTAEWGLELIISFPRFI,0,CFB
WYTAEWGLELIITFPRFI,0,CFB
WYTAEWGLELIIVFPRFI,1,CFB
WYTAEWGLELIIYFPRFI,1,CFB
WYTAEWGLELIKCFPRFI,0,CFB
WYTAEWGLELIKEFPRFI,1,CFB
WYTAEWGLELIKGFPRFI,0,CFB
WYTAEWGLELIKKFPRFI,0,CFB
WYTAEWGLELIKLFPRFI,0,CFB
WYTAEWGLELIKMFPRFI,0,CFB
WYTAEWGLELIKPFPRFI,0,CFB
WYTAEWGLELIKQFPRFI,0,CFB
WYTAEWGLELIKRFPRFI,0,CFB
WYTAEWGLELIKSFPRFI,0,CFB
WYTAEWGLELIKVFPRFI,1,CFB
WYTAEWGLELILCFPRFI,1,CFB
WYTAEWGLELILDFPRFI,0,CFB
WYTAEWGLELILEFPRFI,0,CFB
WYTAEWGLELILFFPRFI,1,CFB
WYTAEWGLELILGFPRFI,1,CFB
WYTAEWGLELILHFPRFI,1,CFB
WYTAEWGLELILIFPRFI,1,CFB
WYTAEWGLELILLFPRFI,1,CFB
WYTAEWGLELILNFPRFI,1,CFB
WYTAEWGLELILPFPRFI,1,CFB
WYTAEWGLELILQFPRFI,1,CFB
WYTAEWGLELILSFPRFI,1,CFB
WYTAEWGLELILTFPRFI,1,CFB
WYTAEWGLELILVFPRFI,1,CFB
WYTAEWGLELIMGFPRFI,1,CFB
WYTAEWGLELIMRFPRFI,0,CFB
WYTAEWGLELIMSFPRFI,1,CFB
WYTAEWGLELIMVFPRFI,1,CFB
WYTAEWGLELINAFPRFI,1,CFB
WYTAEWGLELINLFPRFI,1,CFB
WYTAEWGLELINMFPRFI,1,CFB
WYTAEWGLELINNFPRFI,0,CFB
WYTAEWGLELINPFPRFI,1,CFB
WYTAEWGLELINRFPRFI,0,CFB
WYTAEWGLELINSFPRFI,0,CFB
WYTAEWGLELINTFPRFI,1,CFB
WYTAEWGLELINWFPRFI,0,CFB
WYTAEWGLELIPAFPRFI,1,CFB
WYTAEWGLELIPCFPRFI,1,CFB
WYTAEWGLELIPGFPRFI,1,CFB
WYTAEWGLELIPHFPRFI,1,CFB
WYTAEWGLELIPIFPRFI,1,CFB
WYTAEWGLELIPPFPRFI,1,CFB
WYTAEWGLELIPQFPRFI,1,CFB
WYTAEWGLELIPRFPRFI,0,CFB
WYTAEWGLELIPSFPRFI,1,CFB
WYTAEWGLELIPVFPRFI,1,CFB
WYTAEWGLELIQCFPRFI,0,CFB
WYTAEWGLELIQGFPRFI,0,CFB
WYTAEWGLELIQIFPRFI,1,CFB
WYTAEWGLELIQKFPRFI,0,CFB
WYTAEWGLELIQRFPRFI,0,CFB
WYTAEWGLELIQSFPRFI,0,CFB
WYTAEWGLELIQVFPRFI,1,CFB
WYTAEWGLELIQWFPRFI,0,CFB
WYTAEWGLELIRAFPRFI,0,CFB
WYTAEWGLELIRDFPRFI,0,CFB
WYTAEWGLELIRGFPRFI,0,CFB
WYTAEWGLELIRLFPRFI,0,CFB
WYTAEWGLELIRNFPRFI,0,CFB
WYTAEWGLELIRPFPRFI,0,CFB
WYTAEWGLELIRQFPRFI,0,CFB
WYTAEWGLELIRRFPRFI,0,CFB
WYTAEWGLELIRVFPRFI,0,CFB
WYTAEWGLELIRYFPRFI,0,CFB
WYTAEWGLELISAFPRFI,0,CFB
WYTAEWGLELISCFPRFI,1,CFB
WYTAEWGLELISFFPRFI,1,CFB
WYTAEWGLELISIFPRFI,1,CFB
WYTAEWGLELISKFPRFI,0,CFB
WYTAEWGLELISLFPRFI,1,CFB
WYTAEWGLELISNFPRFI,1,CFB
WYTAEWGLELISPFPRFI,1,CFB
WYTAEWGLELISRFPRFI,0,CFB
WYTAEWGLELISSFPRFI,0,CFB
WYTAEWGLELISTFPRFI,1,CFB
WYTAEWGLELISVFPRFI,1,CFB
WYTAEWGLELISWFPRFI,0,CFB
WYTAEWGLELISYFPRFI,1,CFB
WYTAEWGLELITCFPRFI,1,CFB
WYTAEWGLELITDFPRFI,0,CFB
WYTAEWGLELITGFPRFI,0,CFB
WYTAEWGLELITIFPRFI,1,CFB
WYTAEWGLELITLFPRFI,1,CFB
WYTAEWGLELITMFPRFI,1,CFB
WYTAEWGLELITNFPRFI,1,CFB
WYTAEWGLELITRFPRFI,0,CFB
WYTAEWGLELITSFPRFI,1,CFB
WYTAEWGLELITVFPRFI,1,CFB
WYTAEWGLELIVAFPRFI,1,CFB
WYTAEWGLELIVEFPRFI,1,CFB
WYTAEWGLELIVFFPRFI,1,CFB
WYTAEWGLELIVGFPRFI,0,CFB
WYTAEWGLELIVIFPRFI,1,CFB
WYTAEWGLELIVLFPRFI,1,CFB
WYTAEWGLELIVNFPRFI,1,CFB
WYTAEWGLELIVPFPRFI,1,CFB
WYTAEWGLELIVQFPRFI,1,CFB
WYTAEWGLELIVSFPRFI,1,CFB
WYTAEWGLELIVTFPRFI,1,CFB
WYTAEWGLELIVVFPRFI,1,CFB
WYTAEWGLELIVYFPRFI,1,CFB
WYTAEWGLELIWGFPRFI,1,CFB
WYTAEWGLELIWLFPRFI,1,CFB
WYTAEWGLELIWSFPRFI,1,CFB
WYTAEWGLELIWTFPRFI,0,CFB
WYTAEWGLELIWVFPRFI,1,CFB
WYTAEWGLELIYEFPRFI,1,CFB
WYTAEWGLELIYLFPRFI,1,CFB
WYTAEWGLELIYQFPRFI,1,CFB
WYTAEWGLELIYRFPRFI,1,CFB
WYTAEWGLELIYTFPRFI,1,CFB
WYTAEWGLELIYVFPRFI,1,CFB
WYTAEWGLELKFVFPRFI,0,CFB
WYTAEWGLELKLAVPRFI,0,CFB
WYTAEWGLELKNSWCRFI,0,CFB
WYTAEWGLELLFVFPRFI,1,CFB
WYTAEWGLELLLRYPRFI,1,CFB
WYTAEWGLELMFVFPRFI,1,CFB
WYTAEWGLELNFVFPRFI,1,CFB
WYTAEWGLELPFVFPRFI,1,CFB
WYTAEWGLELPGFGPRFI,0,CFB
WYTAEWGLELQFVFPRFI,0,CFB
WYTAEWGLELRFVFPRFI,0,CFB
WYTAEWGLELSFVFPRFI,1,CFB
WYTAEWGLELTFVFPRFI,1,CFB
WYTAEWGLELVFVFPRFI,1,CFB
WYTAEWGLELWFVFPRFI,1,CFB
WYTAEWGLEMAFVFPRFI,1,CFB
WYTAEWGLEMALHLPRFI,1,CFB
WYTAEWGLEMCFVFPRFI,0,CFB
WYTAEWGLEMCKVGTRFI,0,CFB
WYTAEWGLEMFAQFPRFI,1,CFB
WYTAEWGLEMKFVFPRFI,0,CFB
WYTAEWGLEMLFVFPRFI,1,CFB
WYTAEWGLEMLWCRPRFI,0,CFB
WYTAEWGLEMQFVFPRFI,1,CFB
WYTAEWGLEMRFVFPRFI,0,CFB
WYTAEWGLEMSFVFPRFI,1,CFB
WYTAEWGLEMSTRWPRFI,0,CFB
WYTAEWGLEMYFVFPRFI,1,CFB
WYTAEWGLENDFVFPRFI,0,CFB
WYTAEWGLENGFVFPRFI,1,CFB
WYTAEWGLENGSWVPRFI,0,CFB
WYTAEWGLENLFVFPRFI,1,CFB
WYTAEWGLENMFVFPRFI,1,CFB
WYTAEWGLENQPQDPRFI,0,CFB
WYTAEWGLENTFVFPRFI,0,CFB
WYTAEWGLENWFVFPRFI,1,CFB
WYTAEWGLEPAFVFPRFI,1,CFB
WYTAEWGLEPDFVFPRFI,0,CFB
WYTAEWGLEPEFVFPRFI,0,CFB
WYTAEWGLEPESGSPRFI,0,CFB
WYTAEWGLEPGFLGPRFI,1,CFB
WYTAEWGLEPGFVFPRFI,1,CFB
WYTAEWGLEPHFVFPRFI,1,CFB
WYTAEWGLEPKFVFPRFI,0,CFB
WYTAEWGLEPLASFCRFI,1,in vitro
WYTAEWGLEPLASFPRFI,1,CFB
WYTAEWGLEPLFVFPRFI,1,CFB
WYTAEWGLEPLLMGPRFI,1,CFB
WYTAEWGLEPLRSSPRFI,0,CFB
WYTAEWGLEPMFVFPRFI,1,CFB
WYTAEWGLEPNFVFPRFI,0,CFB
WYTAEWGLEPQFVFPRFI,0,CFB
WYTAEWGLEPRFVFPRFI,0,CFB
WYTAEWGLEPSFVFPRFI,1,CFB
WYTAEWGLEPTFVFPRFI,1,CFB
WYTAEWGLEPYILVPRFI,0,CFB
WYTAEWGLEQGFVFPRFI,1,CFB
WYTAEWGLEQHFVFPRFI,0,CFB
WYTAEWGLEQIFVFPRFI,1,CFB
WYTAEWGLEQKSNVPRFI,0,CFB
WYTAEWGLEQLFVFPRFI,1,CFB
WYTAEWGLEQQFVFPRFI,0,CFB
WYTAEWGLEQVFVFPRFI,1,CFB
WYTAEWGLERAFVFPRFI,1,CFB
WYTAEWGLERCFVFPRFI,1,CFB
WYTAEWGLERDFVFPRFI,0,CFB
WYTAEWGLEREFVFPRFI,0,CFB
WYTAEWGLERFFVFPRFI,1,CFB
WYTAEWGLERGFVFPRFI,0,CFB
WYTAEWGLERIFVFPRFI,1,CFB
WYTAEWGLERLFVFPRFI,1,CFB
WYTAEWGLERNFVFPRFI,0,CFB
WYTAEWGLERNLWCPRFI,0,CFB
WYTAEWGLERPFVFPRFI,0,CFB
WYTAEWGLERQFVFPRFI,0,CFB
WYTAEWGLERRFVFPRFI,0,CFB
WYTAEWGLERSFVFPRFI,0,CFB
WYTAEWGLERTFVFPRFI,0,CFB
WYTAEWGLERTGWHPRFI,0,CFB
WYTAEWGLERVFVFPRFI,1,CFB
WYTAEWGLESAFVFPRFI,1,CFB
WYTAEWGLESAHKVPRFI,0,CFB
WYTAEWGLESAQDGPRFI,0,CFB
WYTAEWGLESDFVFPRFI,0,CFB
WYTAEWGLESDYLCPRFI,0,CFB
WYTAEWGLESFFVFPRFI,1,CFB
WYTAEWGLESGFVFPRFI,1,CFB
WYTAEWGLESIDVFPRFI,1,CFB
WYTAEWGLESIFVFPRFI,1,CFB
WYTAEWGLESLFKVPRFI,1,CFB
WYTAEWGLESLFVFPRFI,1,CFB
WYTAEWGLESMFVFPRFI,1,CFB
WYTAEWGLESQFVFPRFI,1,CFB
WYTAEWGLESRTYLPRFI,0,CFB
WYTAEWGLESSFVFPRFI,1,CFB
WYTAEWGLESSIGWPRFI,0,CFB
WYTAEWGLESSPWSPRFI,0,CFB
WYTAEWGLESSVRLPRFI,0,CFB
WYTAEWGLESTFVFPRFI,1,CFB
WYTAEWGLESVFVFPRFI,1,CFB
WYTAEWGLETDFVFPRFI,1,CFB
WYTAEWGLETEGQQPRFI,0,CFB
WYTAEWGLETFFVFPRFI,1,CFB
WYTAEWGLETGFVFPRFI,1,CFB
WYTAEWGLETGSWPPRFI,0,CFB
WYTAEWGLETHFVFPRFI,1,CFB
WYTAEWGLETKFVFPRFI,1,CFB
WYTAEWGLETLGNAPRFI,1,CFB
WYTAEWGLETMFVFPRFI,1,CFB
WYTAEWGLETNCSVPRFI,0,CFB
WYTAEWGLETNFVFPRFI,1,CFB
WYTAEWGLETNLLLPRFI,1,CFB
WYTAEWGLETPFVFPRFI,1,CFB
WYTAEWGLETRFVFPRFI,0,CFB
WYTAEWGLETSFVFPRFI,1,CFB
WYTAEWGLETTFVFPRFI,1,CFB
WYTAEWGLETVFVFPRFI,1,CFB
WYTAEWGLETWYDTPRFI,0,CFB
WYTAEWGLETYFVFPRFI,1,CFB
WYTAEWGLEVAFVFPRFI,1,CFB
WYTAEWGLEVCFVFPRFI,1,CFB
WYTAEWGLEVDFVFPRFI,0,CFB
WYTAEWGLEVEFVFPRFI,1,CFB
WYTAEWGLEVFFVFPRFI,1,CFB
WYTAEWGLEVFGELPRFI,1,CFB
WYTAEWGLEVFLVSPRFI,1,CFB
WYTAEWGLEVGFVFPRFI,1,CFB
WYTAEWGLEVKFVFPRFI,0,CFB
WYTAEWGLEVLDLVPRFI,1,CFB
WYTAEWGLEVLFVFPRFI,1,CFB
WYTAEWGLEVLVCSPRFI,1,CFB
WYTAEWGLEVPFVFPRFI,1,CFB
WYTAEWGLEVQFVFPRFI,1,CFB
WYTAEWGLEVQYTGARFI,0,in vitro
WYTAEWGLEVQYTVPRFI,0,in vitro
WYTAEWGLEVRLARPRFI,0,CFB
WYTAEWGLEVSFVFPRFI,1,CFB
WYTAEWGLEVSLRLPRFI,0,CFB
WYTAEWGLEVTFVFPRFI,1,CFB
WYTAEWGLEVVFVFPRFI,1,CFB
WYTAEWGLEWCFVFPRFI,1,CFB
WYTAEWGLEWEFVFPRFI,0,CFB
WYTAEWGLEWFFVFPRFI,1,CFB
WYTAEWGLEWGFVFPRFI,0,CFB
WYTAEWGLEWHFVFPRFI,0,CFB
WYTAEWGLEWHWHGPRFI,0,CFB
WYTAEWGLEWKVVPPRFI,0,CFB
WYTAEWGLEWLFVFPRFI,1,CFB
WYTAEWGLEWMSCAPRFI,1,CFB
WYTAEWGLEWPFVFPRFI,0,CFB
WYTAEWGLEWRFVFPRFI,0,CFB
WYTAEWGLEWRTLPPRFI,0,CFB
WYTAEWGLEWVFVFPRFI,1,CFB
WYTAEWGLEWWFVFPRFI,0,CFB
WYTAEWGLEWYFVFPRFI,0,CFB
WYTAEWGLEYAFVFPRFI,1,CFB
WYTAEWGLEYCFVFPRFI,1,CFB
WYTAEWGLEYCGNFPRFI,1,in vitro
WYTAEWGLEYCINFPRFI,1,CFB
WYTAEWGLEYKFVFPRFI,0,CFB
WYTAEWGLEYLFVFPRFI,1,CFB
WYTAEWGLEYNFVFPRFI,0,CFB
WYTAEWGLEYPFVFPRFI,1,CFB
WYTAEWGLEYQFVFPRFI,0,CFB
WYTAEWGLEYRFVFPRFI,0,CFB
WYTAEWGLEYSFVFPRFI,0,CFB
WYTAEWGLEYWFVFPRFI,0,CFB
WYTAEWGRELIFVFPRFI,1,CFB
WYTAEWHLELIFVFPRFI,1,CFB
WYTAEWILELIFVFPRFI,0,CFB
WYTAEWKLELIFVFPRFI,1,CFB
WYTAEWLLELIFVFPRFI,1,CFB
WYTAEWMLELIFVFPRFI,1,CFB
WYTAEWPLELIFVFPRFI,0,CFB
WYTAEWQLELIFVFPRFI,1,CFB
WYTAEWRLELIFVFPRFI,1,CFB
WYTAEWSLELIFVFPRFI,1,CFB
WYTAEWTLELIFVFPRFI,1,CFB
WYTAEWVLELIFVFPRFI,0,CFB
WYTAEWWLELIFVFPRFI,1,CFB
WYTARWGLELIFVFPRFI,1,CFB
WYTKFWGLELIFVFPRFI,1,CFB
WYTREWGLELIFVFPRFI,1,CFB
WYVKDEGLELIFVFPRFI,1,CFB
WYYMKDGLELIFVFPRFI,1,CFB
YYTAEWGLELIFVFPRFI,1,CFB
WYTAERGLELIFVFPAAI,0,CFB
WYTAERGLELIFVFPARI,0,CFB
WYTAERGLELIFVFPALI,0,CFB
WYTAERGLELIFVFPAKI,0,CFB
WYTAERGLELIFVFPAWI,1,CFB
WYTAEWGLELIFVFRPFI,0,CFB
WYTAEWGLELIFVFPFRI,0,CFB
WYTAERGLELIFVFPEFI,0,CFB
WYTAERGLELIFVFPMFI,0,CFB
WYTAERGLELIFVFPLFI,1,CFB
WYTAERGLELIFVFPRRI,1,CFB
WYTAERGLELIFVFPREI,1,CFB
WYTAERGLELIFVFPRHI,1,CFB
WYTAERGLELIFVFPRLI,1,CFB
WYTAERGLELIFVFRPFI,0,CFB
WYTAERGLELIFVFPFRI,0,CFB
